"ID","Kingdom","Phylum","Class","Order","Family","Genus","Species","mean","Label"
"OTU6009","Bacteria","Bacteroidetes","Flavobacteriia","Flavobacteriales","Flavobacteriaceae","Cellulophaga","Cellulophaga_baltica",419837.111111111,"OTU6009"
"OTU2072","Bacteria","Proteobacteria","Unclassified","Unclassified","Unclassified","Unclassified","Proteobacteria_bacterium",50742.1111111111,"OTU2072"
"OTU2879","Bacteria","Planctomycetes","Unclassified","Unclassified","Unclassified","Unclassified","Planctomycetes_bacterium_TBK1r",54455.8888888889,"OTU2879"
"OTU3334","Bacteria","Bacteroidetes","Flavobacteriia","Flavobacteriales","Flavobacteriaceae","Algibacter","Algibacter_sp._L3A6",51027.5555555556,"OTU3334"
"OTU4472","Bacteria","Proteobacteria","Gammaproteobacteria","Vibrionales","Vibrionaceae","Vibrio","Vibrio_splendidus",45194.7777777778,"OTU4472"
"OTU691","Bacteria","Proteobacteria","Alphaproteobacteria","Rhodobacterales","Roseobacteraceae","Sulfitobacter","Sulfitobacter_sp._SK011",41874.4444444444,"OTU691"
"OTU4015","Bacteria","Proteobacteria","Gammaproteobacteria","Alteromonadales","Alteromonadaceae","Alteromonas","Alteromonas_macleodii",42321.3333333333,"OTU4015"
"OTU5673","Bacteria","Bacteroidetes","Flavobacteriia","Flavobacteriales","Flavobacteriaceae","Arenibacter","Arenibacter_algicola",41451.4444444444,"OTU5673"
"OTU2895","Bacteria","Planctomycetes","Planctomycetia","Pirellulales","Pirellulaceae","Rosistilla","Rosistilla_oblonga",16030.5555555556,"OTU2895"
"OTU2897","Bacteria","Planctomycetes","Planctomycetia","Planctomycetales","Planctomycetaceae","Symmachiella","Symmachiella_dynata",9644.33333333333,"OTU2897"
"OTU6316","Bacteria","Bacteroidetes","Flavobacteriia","Flavobacteriales","Flavobacteriaceae","Cellulophaga","Cellulophaga_lytica",11536.5555555556,"OTU6316"
"OTU4003","Bacteria","Bacteroidetes","Flavobacteriia","Flavobacteriales","Flavobacteriaceae","Polaribacter","Polaribacter_batillariae",10486.2222222222,"OTU4003"
"OTU1848","Bacteria","Bacteroidetes","Flavobacteriia","Flavobacteriales","Flavobacteriaceae","Polaribacter","Polaribacter_haliotis",9852.33333333333,"OTU1848"
"OTU5689","Bacteria","Bacteroidetes","Flavobacteriia","Flavobacteriales","Flavobacteriaceae","Zobellia","Zobellia_galactanivorans",9246.88888888889,"OTU5689"
"OTU3678","Bacteria","Bacteroidetes","Flavobacteriia","Flavobacteriales","Flavobacteriaceae","Polaribacter","Polaribacter_pectinis",9029,"OTU3678"
"OTU4582","Bacteria","Bacteroidetes","Cytophagia","Cytophagales","Cyclobacteriaceae","Cyclobacterium","Cyclobacterium_amurskyense",9021.22222222222,"OTU4582"
"OTU2220","Bacteria","Planctomycetes","Unclassified","Unclassified","Unclassified","Unclassified","Planctomycetes_bacterium",7634.66666666667,"OTU2220"
"OTU1691","Bacteria","Bacteroidetes","Flavobacteriia","Flavobacteriales","Flavobacteriaceae","Urechidicola","Urechidicola_croceus",7601.77777777778,"OTU1691"
"OTU2408","Bacteria","Bacteroidetes","Flavobacteriia","Flavobacteriales","Flavobacteriaceae","Pukyongia","Pukyongia_salina",6884.22222222222,"OTU2408"
"OTU2889","Bacteria","Planctomycetes","Planctomycetia","Pirellulales","Pirellulaceae","Stieleria","Stieleria_neptunia",5661.11111111111,"OTU2889"
"OTU2495","Bacteria","Proteobacteria","Alphaproteobacteria","Hyphomicrobiales","Hyphomicrobiaceae","Methyloceanibacter","Methyloceanibacter_sp._wino2",4155.77777777778,"OTU2495"
"OTU2029","Bacteria","Bacteroidetes","Cytophagia","Cytophagales","Unclassified","Unclassified","Cytophagales_bacterium_TFI_002",5415,"OTU2029"
"OTU198","Bacteria","Unclassified","Unclassified","Unclassified","Unclassified","Unclassified","uncultured_bacterium_ws172H5",4977.77777777778,"OTU198"
"OTU1250","Bacteria","Bacteroidetes","Flavobacteriia","Flavobacteriales","Flavobacteriaceae","Maribacter","Maribacter_sp._1_2014MBL_MicDiv",5016.33333333333,"OTU1250"
"OTU1749","Bacteria","Bacteroidetes","Flavobacteriia","Flavobacteriales","Flavobacteriaceae","Unclassified","Flavobacteriaceae_bacterium",4589.22222222222,"OTU1749"
"OTU4511","Bacteria","Proteobacteria","Gammaproteobacteria","Pseudomonadales","Pseudomonadaceae","Pseudomonas","Pseudomonas_putida",3366.11111111111,"OTU4511"
"OTU3330","Bacteria","Bacteroidetes","Flavobacteriia","Flavobacteriales","Flavobacteriaceae","Polaribacter","Polaribacter_sp._L3A8",4270.33333333333,"OTU3330"
"OTU4583","Bacteria","Bacteroidetes","Flavobacteriia","Flavobacteriales","Flavobacteriaceae","Maribacter","Maribacter_dokdonensis",4060,"OTU4583"
"OTU5573","Bacteria","Proteobacteria","Deltaproteobacteria","Desulfobacterales","Desulfobacteraceae","Desulfosarcina","Desulfosarcina_alkanivorans",3258.88888888889,"OTU5573"
"OTU6170","Bacteria","Proteobacteria","Alphaproteobacteria","Hyphomonadales","Hyphomonadaceae","Hyphomonas","Hyphomonas_sp.",3390.33333333333,"OTU6170"
"OTU2221","Bacteria","Proteobacteria","Alphaproteobacteria","Hyphomicrobiales","Rhodobiaceae","Unclassified","Rhodobiaceae_bacterium",2649.33333333333,"OTU2221"
"OTU5489","Bacteria","Proteobacteria","Gammaproteobacteria","Enterobacterales","Enterobacteriaceae","Enterobacter","Enterobacter_cloacae",2590.11111111111,"OTU5489"
"OTU5988","Bacteria","Proteobacteria","Gammaproteobacteria","Thiotrichales","Piscirickettsiaceae","Methylophaga","Methylophaga_frappieri",2725,"OTU5988"
"OTU2740","Bacteria","Bacteroidetes","Sphingobacteriia","Unclassified","Unclassified","Unclassified","uncultured_Sphingobacteriia_bacterium",2830.33333333333,"OTU2740"
"OTU3727","Bacteria","Bacteroidetes","Flavobacteriia","Flavobacteriales","Flavobacteriaceae","Polaribacter","Polaribacter_sp._AHE13PA",3212.88888888889,"OTU3727"
"OTU3726","Bacteria","Bacteroidetes","Flavobacteriia","Flavobacteriales","Flavobacteriaceae","Polaribacter","Polaribacter_sp._HaHaR_3_91",3146.88888888889,"OTU3726"
"OTU1989","Bacteria","Proteobacteria","Alphaproteobacteria","Sphingomonadales","Erythrobacteraceae","Qipengyuania","Qipengyuania_flava",3314.55555555556,"OTU1989"
"OTU5019","Bacteria","Proteobacteria","Alphaproteobacteria","Rhodobacterales","Roseobacteraceae","Roseobacter","Roseobacter_litoralis",3088.22222222222,"OTU5019"
"OTU1978","Bacteria","Proteobacteria","Alphaproteobacteria","Hyphomicrobiales","Parvibaculaceae","Anderseniella","Anderseniella_sp._Alg231-50",2974.33333333333,"OTU1978"
"OTU2741","Bacteria","Proteobacteria","Gammaproteobacteria","Vibrionales","Vibrionaceae","Vibrio","Vibrio_crassostreae",2978.11111111111,"OTU2741"
"OTU2324","Bacteria","Bacteroidetes","Flavobacteriia","Flavobacteriales","Flavobacteriaceae","Olleya","Olleya_sp._Bg11-27",2927.66666666667,"OTU2324"
"OTU1897","Bacteria","Proteobacteria","Betaproteobacteria","Burkholderiales","Comamonadaceae","Hydrogenophaga","Hydrogenophaga_sp.",2751.66666666667,"OTU1897"
"OTU5536","Bacteria","Proteobacteria","Gammaproteobacteria","Enterobacterales","Enterobacteriaceae","Escherichia","Escherichia_coli",2304.22222222222,"OTU5536"
"OTU6298","Bacteria","Proteobacteria","Deltaproteobacteria","Desulfobacterales","Desulfobacteraceae","Desulfosarcina","Desulfosarcina_widdelii",2360.11111111111,"OTU6298"
"OTU1419","Bacteria","Acidobacteria","Unclassified","Unclassified","Unclassified","Unclassified","uncultured_Acidobacteria_bacterium",1941.22222222222,"OTU1419"
"OTU473","Bacteria","Proteobacteria","Alphaproteobacteria","Rhodobacterales","Rhodobacteraceae","Planktomarina","Planktomarina_temperata",2261.88888888889,"OTU473"
"OTU3728","Bacteria","Bacteroidetes","Flavobacteriia","Flavobacteriales","Flavobacteriaceae","Polaribacter","Polaribacter_sp._R2A056_3_33",2246.77777777778,"OTU3728"
"OTU3333","Bacteria","Bacteroidetes","Flavobacteriia","Flavobacteriales","Flavobacteriaceae","Algibacter","Algibacter_sp._L1A34",2259.22222222222,"OTU3333"
"OTU1994","Bacteria","Planctomycetes","Planctomycetia","Pirellulales","Pirellulaceae","Roseimaritima","Roseimaritima_multifibrata",2149.33333333333,"OTU1994"
"OTU2357","Bacteria","Proteobacteria","Alphaproteobacteria","Rhodobacterales","Roseobacteraceae","Sulfitobacter","Sulfitobacter_sp._JL08",2268,"OTU2357"
"OTU4330","Bacteria","Proteobacteria","Alphaproteobacteria","Sphingomonadales","Erythrobacteraceae","Qipengyuania","Qipengyuania_psychrotolerans",2221.88888888889,"OTU4330"
"OTU3750","Bacteria","Bacteroidetes","Flavobacteriia","Flavobacteriales","Flavobacteriaceae","Cellulophaga","Cellulophaga_sp._HaHa_2_1",2125.77777777778,"OTU3750"
"OTU6327","Bacteria","Bacteroidetes","Flavobacteriia","Flavobacteriales","Flavobacteriaceae","Dokdonia","Dokdonia_sp._4H-3-7-5",1991.11111111111,"OTU6327"
"OTU5085","Bacteria","Proteobacteria","Betaproteobacteria","Nitrosomonadales","Nitrosomonadaceae","Nitrosomonas","Nitrosomonas_cryotolerans",1731.33333333333,"OTU5085"
"OTU3331","Bacteria","Bacteroidetes","Flavobacteriia","Flavobacteriales","Flavobacteriaceae","Cellulophaga","Cellulophaga_sp._L1A9",1885.11111111111,"OTU3331"
"OTU856","Bacteria","Proteobacteria","Alphaproteobacteria","Rhodobacterales","Rhodobacteraceae","Paracoccus","Paracoccus_yeei",1715.11111111111,"OTU856"
"OTU1663","Bacteria","Bacteroidetes","Flavobacteriia","Flavobacteriales","Flavobacteriaceae","Maribacter","Maribacter_hydrothermalis",1805.77777777778,"OTU1663"
"OTU4328","Bacteria","Proteobacteria","Alphaproteobacteria","Sphingomonadales","Erythrobacteraceae","Qipengyuania","Qipengyuania_gelatinilytica",1781.55555555556,"OTU4328"
"OTU516","Bacteria","Proteobacteria","Gammaproteobacteria","Oceanospirillales","Alcanivoracaceae","Alcanivorax","Alcanivorax_pacificus",1518.66666666667,"OTU516"
"OTU4542","Bacteria","Bacteroidetes","Flavobacteriia","Flavobacteriales","Flavobacteriaceae","Maribacter","Maribacter_sp._HTCC2170",1690.11111111111,"OTU4542"
"OTU2504","Bacteria","Bacteroidetes","Flavobacteriia","Flavobacteriales","Flavobacteriaceae","Dokdonia","Dokdonia_sp._Dokd-P16",1550.77777777778,"OTU2504"
"OTU3724","Bacteria","Bacteroidetes","Flavobacteriia","Flavobacteriales","Flavobacteriaceae","Cellulophaga","Cellulophaga_sp._HaHa_2_95",1542.33333333333,"OTU3724"
"OTU3725","Bacteria","Bacteroidetes","Flavobacteriia","Flavobacteriales","Flavobacteriaceae","Olleya","Olleya_sp._HaHaR_3_96",1489.33333333333,"OTU3725"
"OTU6010","Bacteria","Bacteroidetes","Flavobacteriia","Flavobacteriales","Flavobacteriaceae","Cellulophaga","Cellulophaga_fucicola",1383.66666666667,"OTU6010"
"OTU6334","Bacteria","Bacteroidetes","Flavobacteriia","Flavobacteriales","Flavobacteriaceae","Polaribacter","Polaribacter_sejongensis",1287.33333333333,"OTU6334"
"OTU6096","Bacteria","Proteobacteria","Deltaproteobacteria","Desulfobacterales","Desulfobacteraceae","Desulfosarcina","Desulfosarcina_ovata",1131.44444444444,"OTU6096"
"OTU670","Bacteria","Proteobacteria","Alphaproteobacteria","Hyphomicrobiales","Hyphomicrobiaceae","Methyloceanibacter","Methyloceanibacter_caenitepidi",1025.22222222222,"OTU670"
"OTU3881","Bacteria","Bacteroidetes","Flavobacteriia","Flavobacteriales","Flavobacteriaceae","Marixanthomonas","Marixanthomonas_sp._SCSIO_43207",1247.11111111111,"OTU3881"
"OTU780","Bacteria","Proteobacteria","Alphaproteobacteria","Maricaulales","Maricaulaceae","Glycocaulis","Glycocaulis_alkaliphilus",1122.55555555556,"OTU780"
"OTU983","Bacteria","Bacteroidetes","Flavobacteriia","Flavobacteriales","Flavobacteriaceae","Polaribacter","Polaribacter_sp._BM10",1140.88888888889,"OTU983"
"OTU3942","Bacteria","Proteobacteria","Gammaproteobacteria","Chromatiales","Unclassified","Thiohalobacter","Thiohalobacter_sp._COW1",860.333333333333,"OTU3942"
"OTU2471","Bacteria","Proteobacteria","Alphaproteobacteria","Rhodobacterales","Roseobacteraceae","Dinoroseobacter","Dinoroseobacter_shibae",1087.44444444444,"OTU2471"
"OTU2815","Bacteria","Bacteroidetes","Flavobacteriia","Flavobacteriales","Flavobacteriaceae","Maribacter","Maribacter_sp._MJ134",1058.66666666667,"OTU2815"
"OTU2881","Bacteria","Planctomycetes","Planctomycetia","Pirellulales","Pirellulaceae","Aureliella","Aureliella_helgolandensis",998.555555555556,"OTU2881"
"OTU5011","Bacteria","Actinobacteria","Actinomycetia","Propionibacteriales","Nocardioidaceae","Nocardioides","Nocardioides_marinisabuli",919.555555555556,"OTU5011"
"OTU1693","Bacteria","Bacteroidetes","Flavobacteriia","Flavobacteriales","Flavobacteriaceae","Tenacibaculum","Tenacibaculum_todarodis",920.666666666667,"OTU1693"
"OTU5851","Bacteria","Proteobacteria","Gammaproteobacteria","Vibrionales","Vibrionaceae","Vibrio","Vibrio_atlanticus",905.888888888889,"OTU5851"
"OTU2264","Bacteria","Firmicutes","Clostridia","Unclassified","Unclassified","Unclassified","Clostridia_bacterium",879.888888888889,"OTU2264"
"OTU6325","Bacteria","Bacteroidetes","Flavobacteriia","Flavobacteriales","Flavobacteriaceae","Lacinutrix","Lacinutrix_sp._5H-3-7-4",904.888888888889,"OTU6325"
"OTU2999","Bacteria","Bacteroidetes","Flavobacteriia","Flavobacteriales","Flavobacteriaceae","Psychroserpens","Psychroserpens_sp._NJDZ02",881.888888888889,"OTU2999"
"OTU4075","Bacteria","Bacteroidetes","Flavobacteriia","Flavobacteriales","Flavobacteriaceae","Polaribacter","Polaribacter_cellanae",814,"OTU4075"
"OTU3283","Bacteria","Proteobacteria","Alphaproteobacteria","Sphingomonadales","Erythrobacteraceae","Qipengyuania","Qipengyuania_seohaensis",830.222222222222,"OTU3283"
"OTU3048","Bacteria","Bacteroidetes","Flavobacteriia","Flavobacteriales","Flavobacteriaceae","Aureibaculum","Aureibaculum_algae",33246.5555555556,"OTU3048"
"OTU4625","Bacteria","Proteobacteria","Alphaproteobacteria","Sphingomonadales","Sphingomonadaceae","Sphingopyxis","Sphingopyxis_macrogoltabida",1525.88888888889,"OTU4625"
"OTU1819","Heunggongvirae","Uroviricota","Caudoviricetes","Caudovirales","Podoviridae","Unclassified","Vibrio_phage_1.185.O._10N.286.49.C2",1283.77777777778,"OTU1819"
"OTU643","Bacteria","Proteobacteria","Alphaproteobacteria","Hyphomicrobiales","Rhizobiaceae","Rhizobium","Rhizobium_rosettiformans",855.555555555556,"OTU643"
"OTU1715","Bacteria","Proteobacteria","Betaproteobacteria","Burkholderiales","Comamonadaceae","Acidovorax","Acidovorax_sp._T1",824.333333333333,"OTU1715"
"OTU4286","Heunggongvirae","Uroviricota","Caudoviricetes","Caudovirales","Podoviridae","Unclassified","Vibrio_phage_PS25B.1",860,"OTU4286"
"OTU3944","Bacteria","Planctomycetes","Planctomycetia","Pirellulales","Pirellulaceae","Stieleria","Stieleria_maiorica",837.222222222222,"OTU3944"
"OTU3243","Bacteria","Planctomycetes","Planctomycetia","Pirellulales","Pirellulaceae","Rhodopirellula","Rhodopirellula_baltica",4453.44444444444,"OTU3243"
"OTU3080","Bacteria","Proteobacteria","Alphaproteobacteria","Rhodobacterales","Roseobacteraceae","Roseivivax","Roseivivax_sp._THAF197b",1077.55555555556,"OTU3080"
"OTU3180","Bacteria","Planctomycetes","Planctomycetia","Planctomycetales","Planctomycetaceae","Gimesia","Gimesia_chilikensis",29813.4444444444,"OTU3180"
"OTU4935","Bacteria","Proteobacteria","Alphaproteobacteria","Sphingomonadales","Erythrobacteraceae","Erythrobacter","Erythrobacter_litoralis",910.444444444444,"OTU4935"
"OTU5012","Bacteria","Proteobacteria","Betaproteobacteria","Rhodocyclales","Zoogloeaceae","Azoarcus","Azoarcus_communis",1234.33333333333,"OTU5012"
"OTU1016","Bacteria","Proteobacteria","Gammaproteobacteria","Unclassified","Unclassified","Sedimenticola","Sedimenticola_thiotaurini",1098.88888888889,"OTU1016"
"OTU364","Bacteria","Planctomycetes","Planctomycetia","Planctomycetales","Planctomycetaceae","Gimesia","Gimesia_maris",62224.4444444444,"OTU364"
"OTU6085","Bacteria","Proteobacteria","Alphaproteobacteria","Rhodobacterales","Roseobacteraceae","Sulfitobacter","Sulfitobacter_mediterraneus",20975.5555555556,"OTU6085"
"OTU5561","Bacteria","Proteobacteria","Gammaproteobacteria","Alteromonadales","Shewanellaceae","Shewanella","Shewanella_frigidimarina",844.555555555556,"OTU5561"
"OTU712","Bacteria","Proteobacteria","Alphaproteobacteria","Rhodobacterales","Roseobacteraceae","Leisingera","Leisingera_aquaemixtae",258482.222222222,"OTU712"
"OTU2849","Bacteria","Proteobacteria","Alphaproteobacteria","Rhodobacterales","Roseobacteraceae","Leisingera","Leisingera_sp._NJS201",81424.3333333333,"OTU2849"
"OTU5850","Bacteria","Proteobacteria","Gammaproteobacteria","Vibrionales","Vibrionaceae","Vibrio","Vibrio_nereis",36114,"OTU5850"
"OTU2850","Bacteria","Proteobacteria","Alphaproteobacteria","Rhodobacterales","Roseobacteraceae","Leisingera","Leisingera_sp._NJS204",38166.7777777778,"OTU2850"
"OTU2186","Bacteria","Balneolaeota","Balneolia","Balneolales","Balneolaceae","Balneola","Balneola_sp.",29501.5555555556,"OTU2186"
"OTU5330","Bacteria","Proteobacteria","Alphaproteobacteria","Rhodobacterales","Roseobacteraceae","Leisingera","Leisingera_caerulea",27358.1111111111,"OTU5330"
"OTU724","Bacteria","Proteobacteria","Alphaproteobacteria","Rhodobacterales","Roseobacteraceae","Pseudosulfitobacter","Pseudosulfitobacter_pseudonitzschiae",23578.4444444444,"OTU724"
"OTU1094","Bacteria","Proteobacteria","Alphaproteobacteria","Rhodobacterales","Roseobacteraceae","Phaeobacter","Phaeobacter_piscinae",10050.3333333333,"OTU1094"
"OTU4442","Bacteria","Proteobacteria","Alphaproteobacteria","Rhodobacterales","Unclassified","Unclassified","uncultured_Rhodobacterales_bacterium",4217.22222222222,"OTU4442"
"OTU466","Bacteria","Proteobacteria","Alphaproteobacteria","Hyphomonadales","Hyphomonadaceae","Hyphomonas","Hyphomonas_atlantica",2359.22222222222,"OTU466"
"OTU1920","Bacteria","Proteobacteria","Gammaproteobacteria","Vibrionales","Vibrionaceae","Vibrio","Vibrio_rotiferianus",2334.55555555556,"OTU1920"
"OTU5525","Bacteria","Proteobacteria","Gammaproteobacteria","Alteromonadales","Shewanellaceae","Shewanella","Shewanella_chilikensis",1588.66666666667,"OTU5525"
"OTU5980","Bacteria","Actinobacteria","Actinomycetia","Propionibacteriales","Nocardioidaceae","Micropruina","Micropruina_glycogenica",1077.88888888889,"OTU5980"
"OTU1144","Bacteria","Proteobacteria","Alphaproteobacteria","Hyphomicrobiales","Hyphomicrobiaceae","Filomicrobium","Candidatus_Filomicrobium_marinum",1137.77777777778,"OTU1144"
"OTU1579","Bacteria","Proteobacteria","Betaproteobacteria","Burkholderiales","Comamonadaceae","Alicycliphilus","Alicycliphilus_denitrificans",796.666666666667,"OTU1579"
"OTU6030","Bacteria","Unclassified","Unclassified","Unclassified","Unclassified","Unclassified","uncultured_bacterium",111652.111111111,"OTU6030"
"OTU4332","Bacteria","Proteobacteria","Gammaproteobacteria","Pseudomonadales","Pseudomonadaceae","Pseudomonas","Pseudomonas_aeruginosa",16033.5555555556,"OTU4332"
"OTU4628","Bacteria","Proteobacteria","Acidithiobacillia","Acidithiobacillales","Acidithiobacillaceae","Acidithiobacillus","Acidithiobacillus_caldus",5372.33333333333,"OTU4628"
"OTU5057","Bacteria","Proteobacteria","Gammaproteobacteria","Chromatiales","Granulosicoccaceae","Granulosicoccus","Granulosicoccus_antarcticus",1258.44444444444,"OTU5057"
"OTU6237","Bacteria","Proteobacteria","Alphaproteobacteria","Unclassified","Unclassified","Unclassified","uncultured_Alphaproteobacteria_bacterium",911.888888888889,"OTU6237"
"OTU2991","Bacteria","Proteobacteria","Alphaproteobacteria","Hyphomicrobiales","Parvibaculaceae","Parvibaculum","Parvibaculum_lavamentivorans",1615.88888888889,"OTU2991"
"OTU1489","Fungi","Unclassified","Unclassified","Unclassified","Unclassified","Unclassified","uncultured_fungus",1346.88888888889,"OTU1489"
"OTU4383","Bacteria","Proteobacteria","Gammaproteobacteria","Enterobacterales","Enterobacteriaceae","Salmonella","Salmonella_enterica",6361.88888888889,"OTU4383"
"OTU1093","Archaea","Thaumarchaeota","Unclassified","Nitrosopumilales","Nitrosopumilaceae","Nitrosopumilus","Nitrosopumilus_adriaticus",62062.1111111111,"OTU1093"
"OTU3189","Bacteria","Planctomycetes","Planctomycetia","Planctomycetales","Planctomycetaceae","Gimesia","Gimesia_benthica",2738.22222222222,"OTU3189"
"OTU2430","Archaea","Thaumarchaeota","Unclassified","Nitrosopumilales","Nitrosopumilaceae","Nitrosopumilus","Nitrosopumilus_sp._b3",2211.55555555556,"OTU2430"
"OTU3320","Bacteria","Bacteroidetes","Flavobacteriia","Flavobacteriales","Flavobacteriaceae","Winogradskyella","Winogradskyella_forsetii",2724.11111111111,"OTU3320"
"OTU6320","Bacteria","Planctomycetes","Planctomycetia","Pirellulales","Pirellulaceae","Roseimaritima","Roseimaritima_ulvae",5600.55555555556,"OTU6320"
"OTU5185","Bacteria","Actinobacteria","Acidimicrobiia","Acidimicrobiales","Ilumatobacteraceae","Ilumatobacter","Ilumatobacter_coccineus",2147.77777777778,"OTU5185"
"OTU2878","Bacteria","Planctomycetes","Unclassified","Unclassified","Unclassified","Unclassified","Planctomycetes_bacterium_K2D",1328.88888888889,"OTU2878"
"OTU3074","Bacteria","Proteobacteria","Alphaproteobacteria","Rhodobacterales","Roseobacteraceae","Roseivivax","Roseivivax_sp._THAF40",866.333333333333,"OTU3074"
"OTU6144","Bacteria","Proteobacteria","Betaproteobacteria","Unclassified","Unclassified","Unclassified","uncultured_beta_proteobacterium",10366.7777777778,"OTU6144"
"OTU2888","Bacteria","Planctomycetes","Planctomycetia","Planctomycetales","Planctomycetaceae","Gimesia","Gimesia_panareensis",1412.33333333333,"OTU2888"
"OTU2659","Bacteria","Proteobacteria","Alphaproteobacteria","Hyphomicrobiales","Breoghaniaceae","Breoghania","Breoghania_sp._L-A4",529.888888888889,"OTU2659"
"OTU2930","Bacteria","Proteobacteria","Deltaproteobacteria","Myxococcales","Unclassified","Unclassified","uncultured_Myxococcales_bacterium",1303.22222222222,"OTU2930"
"OTU44","Bacteria","Proteobacteria","Gammaproteobacteria","Chromatiales","Ectothiorhodospiraceae","Thioalkalivibrio","Thioalkalivibrio_sulfidiphilus",811.333333333333,"OTU44"
"OTU33","Archaea","Thaumarchaeota","Unclassified","Nitrosopumilales","Nitrosopumilaceae","Nitrosopumilus","Nitrosopumilus_sp._AR",2404.11111111111,"OTU33"
"OTU3448","Bacteria","Bacteroidetes","Flavobacteriia","Flavobacteriales","Flavobacteriaceae","Muricauda","Muricauda_oceani",2026.66666666667,"OTU3448"
"OTU5558","Bacteria","Unclassified","Unclassified","Unclassified","Unclassified","Unclassified","uncultured_marine_bacterium",843.666666666667,"OTU5558"
"OTU5075","Bacteria","Proteobacteria","Gammaproteobacteria","Xanthomonadales","Xanthomonadaceae","Xanthomonas","Xanthomonas_perforans",729.111111111111,"OTU5075"
"OTU1761","Bacteria","Proteobacteria","Gammaproteobacteria","Oceanospirillales","Alcanivoracaceae","Alcanivorax","Alcanivorax_sp.",1739.88888888889,"OTU1761"
"OTU3321","Bacteria","Bacteroidetes","Flavobacteriia","Flavobacteriales","Flavobacteriaceae","Winogradskyella","Winogradskyella_schleiferi",5977.77777777778,"OTU3321"
"OTU282","Bacteria","Bacteroidetes","Flavobacteriia","Flavobacteriales","Flavobacteriaceae","Maribacter","Maribacter_cobaltidurans",3752.11111111111,"OTU282"
"OTU1501","Bacteria","Bacteroidetes","Flavobacteriia","Flavobacteriales","Flavobacteriaceae","Euzebyella","Euzebyella_marina",2447.55555555556,"OTU1501"
"OTU2683","Bacteria","Proteobacteria","Betaproteobacteria","Burkholderiales","Comamonadaceae","Acidovorax","Acidovorax_sp._JS42",4063.77777777778,"OTU2683"
"OTU4073","Bacteria","Proteobacteria","Alphaproteobacteria","Rhodospirillales","Thalassospiraceae","Magnetovibrio","Magnetovibrio_blakemorei",9078.66666666667,"OTU4073"
"OTU3232","Bacteria","Bacteroidetes","Flavobacteriia","Flavobacteriales","Flavobacteriaceae","Lacinutrix","Lacinutrix_sp._WUR7",2707,"OTU3232"
"OTU3439","Bacteria","Bacteroidetes","Flavobacteriia","Flavobacteriales","Flavobacteriaceae","Winogradskyella","Winogradskyella_helgolandensis",2452.88888888889,"OTU3439"
"OTU2946","Bacteria","Bacteroidetes","Flavobacteriia","Flavobacteriales","Flavobacteriaceae","Muricauda","Muricauda_aquimarina",1261.66666666667,"OTU2946"
"OTU1863","Bacteria","Planctomycetes","Planctomycetia","Planctomycetales","Planctomycetaceae","Fuerstiella","Fuerstiella_marisgermanici",32865.7777777778,"OTU1863"
"OTU2874","Bacteria","Proteobacteria","Gammaproteobacteria","Cellvibrionales","Halieaceae","Aequoribacter","Aequoribacter_fuscus",1414.44444444444,"OTU2874"
"OTU2932","Bacteria","Proteobacteria","Betaproteobacteria","Unclassified","Unclassified","Unclassified","uncultured_ammonia-oxidizing_beta_proteobacterium",919,"OTU2932"
"OTU1147","Bacteria","Proteobacteria","Alphaproteobacteria","Rhodobacterales","Roseobacteraceae","Actibacterium","Actibacterium_sp._EMB200-NS6",2912.44444444444,"OTU1147"
"OTU5332","Bacteria","Proteobacteria","Gammaproteobacteria","Vibrionales","Vibrionaceae","Vibrio","Vibrio_diabolicus",29209.5555555556,"OTU5332"
"OTU5779","Bacteria","Proteobacteria","Gammaproteobacteria","Vibrionales","Vibrionaceae","Vibrio","Vibrio_parahaemolyticus",14474.1111111111,"OTU5779"
"OTU586","Bacteria","Proteobacteria","Alphaproteobacteria","Rhodobacterales","Roseobacteraceae","Leisingera","Leisingera_methylohalidivorans",9492.66666666667,"OTU586"
"OTU1682","Bacteria","Proteobacteria","Alphaproteobacteria","Rhodobacterales","Roseobacteraceae","Phaeobacter","Phaeobacter_porticola",9094.44444444445,"OTU1682"
"OTU1963","Bacteria","Proteobacteria","Alphaproteobacteria","Rhodobacterales","Roseobacteraceae","Sulfitobacter","Sulfitobacter_alexandrii",8064,"OTU1963"
"OTU1081","Bacteria","Proteobacteria","Alphaproteobacteria","Rhodobacterales","Rhodobacteraceae","Unclassified","uncultured_Rhodobacteraceae_bacterium",4829.22222222222,"OTU1081"
"OTU5769","Bacteria","Proteobacteria","Gammaproteobacteria","Vibrionales","Vibrionaceae","Vibrio","Vibrio_cholerae",5536.77777777778,"OTU5769"
"OTU4470","Bacteria","Proteobacteria","Gammaproteobacteria","Vibrionales","Vibrionaceae","Vibrio","Vibrio_furnissii",3333.66666666667,"OTU4470"
"OTU165","Bacteria","Proteobacteria","Gammaproteobacteria","Vibrionales","Vibrionaceae","Vibrio","Vibrio_sp._EJY3",2265.77777777778,"OTU165"
"OTU1511","Bacteria","Proteobacteria","Gammaproteobacteria","Vibrionales","Vibrionaceae","Vibrio","Vibrio_cidicii",1234.11111111111,"OTU1511"
"OTU3077","Bacteria","Proteobacteria","Gammaproteobacteria","Vibrionales","Vibrionaceae","Vibrio","Vibrio_sp._THAF190c",1129.11111111111,"OTU3077"
"OTU5761","Bacteria","Proteobacteria","Gammaproteobacteria","Vibrionales","Vibrionaceae","Vibrio","Vibrio_alginolyticus",65937.5555555556,"OTU5761"
"OTU341","Bacteria","Proteobacteria","Gammaproteobacteria","Vibrionales","Vibrionaceae","Vibrio","Vibrio_neocaledonicus",46899.7777777778,"OTU341"
"OTU5847","Bacteria","Proteobacteria","Gammaproteobacteria","Vibrionales","Vibrionaceae","Vibrio","Vibrio_natriegens",4148.11111111111,"OTU5847"
"OTU925","Bacteria","Proteobacteria","Gammaproteobacteria","Vibrionales","Vibrionaceae","Vibrio","Vibrio_antiquarius",1887.88888888889,"OTU925"
"OTU5784","Bacteria","Proteobacteria","Gammaproteobacteria","Vibrionales","Vibrionaceae","Vibrio","Vibrio_vulnificus",1048.44444444444,"OTU5784"
"OTU5020","Bacteria","Proteobacteria","Alphaproteobacteria","Rhodobacterales","Roseobacteraceae","Marinovum","Marinovum_algicola",9439.33333333333,"OTU5020"
"OTU3163","Bacteria","Proteobacteria","Alphaproteobacteria","Rhodobacterales","Roseobacteraceae","Octadecabacter","Octadecabacter_sp._SW4",2158.88888888889,"OTU3163"
"OTU4890","Bacteria","Proteobacteria","Gammaproteobacteria","Cellvibrionales","Halieaceae","Congregibacter","Congregibacter_litoralis",1467.77777777778,"OTU4890"
"OTU5516","Bacteria","Proteobacteria","Gammaproteobacteria","Vibrionales","Vibrionaceae","Vibrio","Vibrio_anguillarum",1076.77777777778,"OTU5516"
"OTU4957","Bacteria","Proteobacteria","Gammaproteobacteria","Alteromonadales","Shewanellaceae","Shewanella","Shewanella_piezotolerans",1059.33333333333,"OTU4957"
"OTU379","Bacteria","Proteobacteria","Alphaproteobacteria","Rhodobacterales","Roseobacteraceae","Salipiger","Salipiger_profundus",5389.44444444444,"OTU379"
"OTU3179","Bacteria","Proteobacteria","Alphaproteobacteria","Rhodobacterales","Rhodobacteraceae","Pukyongiella","Pukyongiella_litopenaei",1447.44444444444,"OTU3179"
"OTU4793","Fungi","Ascomycota","Saccharomycetes","Saccharomycetales","Debaryomycetaceae","Lodderomyces","Lodderomyces_elongisporus",1076.11111111111,"OTU4793"
"OTU6260","Bacteria","Proteobacteria","Gammaproteobacteria","Cellvibrionales","Halieaceae","Halioglobus","Halioglobus_pacificus",20491.6666666667,"OTU6260"
"OTU1493","Bacteria","Proteobacteria","Alphaproteobacteria","Hyphomicrobiales","Phyllobacteriaceae","Nitratireductor","Nitratireductor_sp._OM-1",19558.8888888889,"OTU1493"
"OTU2574","Bacteria","Proteobacteria","Alphaproteobacteria","Rhodobacterales","Roseobacteraceae","Phaeobacter","Phaeobacter_inhibens",6424.33333333333,"OTU2574"
"OTU693","Bacteria","Proteobacteria","Alphaproteobacteria","Rhodobacterales","Roseobacteraceae","Sulfitobacter","Sulfitobacter_sp._SK025",4791.44444444444,"OTU693"
"OTU2055","Bacteria","Proteobacteria","Alphaproteobacteria","Rhodobacterales","Roseobacteraceae","Sulfitobacter","Sulfitobacter_sp._D7",3892.77777777778,"OTU2055"
"OTU3933","Bacteria","Bacteroidetes","Flavobacteriia","Flavobacteriales","Flavobacteriaceae","Gramella","Gramella_echinicola",2760.33333333333,"OTU3933"
"OTU2139","Bacteria","Proteobacteria","Alphaproteobacteria","Rhodobacterales","Roseobacteraceae","Sagittula","Sagittula_sp._P11",863.222222222222,"OTU2139"
"OTU2443","Bacteria","Proteobacteria","Gammaproteobacteria","Vibrionales","Vibrionaceae","Vibrio","Vibrio_tasmaniensis",1540.88888888889,"OTU2443"
"OTU4837","Bacteria","Proteobacteria","Alphaproteobacteria","Rhodobacterales","Rhodobacteraceae","Tritonibacter","Tritonibacter_mobilis",676129,"OTU4837"
"OTU1974","Bacteria","Bacteroidetes","Flavobacteriia","Flavobacteriales","Flavobacteriaceae","Muricauda","Muricauda_sp.",45199.8888888889,"OTU1974"
"OTU5230","Bacteria","Proteobacteria","Gammaproteobacteria","Vibrionales","Vibrionaceae","Vibrio","Vibrio_cyclitrophicus",19531.6666666667,"OTU5230"
"OTU3490","Bacteria","Bacteroidetes","Flavobacteriia","Flavobacteriales","Flavobacteriaceae","Salegentibacter","Salegentibacter_mishustinae",1625.55555555556,"OTU3490"
"OTU664","Bacteria","Bacteroidetes","Flavobacteriia","Flavobacteriales","Flavobacteriaceae","Winogradskyella","Winogradskyella_sediminis",1525.55555555556,"OTU664"
"OTU5435","Bacteria","Proteobacteria","Alphaproteobacteria","Rhodobacterales","Roseobacteraceae","Thalassobius","Thalassobius_gelatinovorus",1091.22222222222,"OTU5435"
"OTU1453","Bacteria","Bacteroidetes","Flavobacteriia","Flavobacteriales","Flavobacteriaceae","Algibacter","Algibacter_alginicilyticus",1164.77777777778,"OTU1453"
"OTU445","Bacteria","Proteobacteria","Alphaproteobacteria","Rhodobacterales","Rhodobacteraceae","Brevirhabdus","Brevirhabdus_pacifica",4416.66666666667,"OTU445"
"OTU5654","Bacteria","Proteobacteria","Alphaproteobacteria","Rhodobacterales","Roseobacteraceae","Phaeobacter","Phaeobacter_gallaeciensis",5619.66666666667,"OTU5654"
"OTU1414","Bacteria","Bacteroidetes","Bacteroidia","Marinilabiliales","Marinifilaceae","Labilibaculum","Labilibaculum_antarcticum",2710.11111111111,"OTU1414"
"OTU5986","Bacteria","Bacteroidetes","Flavobacteriia","Flavobacteriales","Flavobacteriaceae","Gilvibacter","Gilvibacter_sp._SZ-19",1712.77777777778,"OTU5986"
"OTU5349","Bacteria","Bacteroidetes","Flavobacteriia","Flavobacteriales","Cryomorphaceae","Unclassified","uncultured_Cryomorphaceae_bacterium",1362.66666666667,"OTU5349"
"OTU1272","Bacteria","Bacteroidetes","Flavobacteriia","Flavobacteriales","Flavobacteriaceae","Unclassified","uncultured_Flavobacteriaceae_bacterium",1227.11111111111,"OTU1272"
"OTU1052","Bacteria","Proteobacteria","Gammaproteobacteria","Kangiellales","Kangiellaceae","Kangiella","Kangiella_profundi",2266.66666666667,"OTU1052"
